id,referee_first_name,referee_last_name,referee_age,referee_country
1,Douglas,Rubanenko,55,Russia
2,Hervey,Branigan,51,Indonesia
3,Aldus,Skelton,55,Slovenia
4,Claribel,Faulconbridge,48,Zimbabwe
5,Zacharias,Amis,59,Argentina
6,Carolyne,Hearst,40,Philippines
7,Craggy,Yakovich,51,France
8,Ringo,Jenoure,47,Libya
9,Nora,Woolfenden,41,Bahamas
10,Stella,Plante,54,Sweden
11,Trever,Pentecost,44,Luxembourg
12,Jeromy,Ghidini,54,Palestinian Territory
13,Hetty,Edgell,51,Cuba
14,Malinde,Stute,49,Turkey
15,Tamara,O'Harney,44,China
16,Ive,Alfuso,44,Russia
17,Alexandrina,Nolda,48,Guadeloupe
18,Brockie,Kershaw,52,Vietnam
19,Nicky,Lembcke,51,Philippines
20,Quinta,McMeekan,44,Philippines
21,Elayne,Cheavin,49,Democratic Republic of the Congo
22,Myra,Askham,57,Colombia
23,Deirdre,Lodwick,57,China
24,Pietrek,Bradwell,57,Greece
25,Ichabod,Yeude,45,Uzbekistan
1,,,,
2,,,,
3,,,,
4,,,,
5,,,,
6,,,,
7,,,,
8,,,,
9,,,,
10,,,,
11,,,,
12,,,,
13,,,,
14,,,,
15,,,,
16,,,,
17,,,,
18,,,,
19,,,,
20,,,,
21,,,,
22,,,,
23,,,,
24,,,,
25,,,,
26,,,,
27,,,,
28,,,,
29,,,,
30,,,,
31,,,,
32,,,,
